INSERT INTO pessoa
    (id, nome                                         , genero, ano_nascimento) VALUES
    ( 0, 'GISELE MENDES DE CARVALHO'                  ,   'F' , 1977),
    ( 1, 'GISELI DA ROCHA'                            ,   'F' , 1981),
    ( 2, 'GIVANILDO JOSE DA SILVA'                    ,   'M' , 1971),
    ( 3, 'GLAUBMIR TELES DA COSTA'                    ,   'M' , 1981),
    ( 4, 'GUILHERME ANTONIO SOUZA E DIAS'             ,   'M' , 1987),
    ( 5, 'GUILHERME ANTUNES DE SOUZA'                 ,   'M' , 1994),
    ( 6, 'GUILHERME APARECIDO JORGE'                  ,   'M' , 1988),
    ( 7, 'GÉSSICA FREITAS DA CRUZ'                    ,   'F' , 1996),
    ( 8, 'HACLISSON AUGUSTO NEIA'                     ,   'M' , 1982),
    ( 9, 'HAINDY KRUGER ALBUQUERQUE'                  ,   'M' , 1983),
    (10, 'HAMED ABDO HAMUD'                           ,   'M' , 1964),
    (11, 'HAMILSON JORGE JUNIOR'                      ,   'M' , 1981),
    (12, 'HELENARA S BERTOLOSSI MOREIRA'              ,   'F' , 1972),
    (13, 'HELENO OLIVEIRA COSTA'                      ,   'M' , 1968),
    (14, 'HELIO HENRIQUE CANDIDO DA SILVA PETRONILHO' ,   'M' , 1998),
    (15, 'HELOISA MARTINEZ DA ROSA GOUVEIA'           ,   'F' , 1986),
    (16, 'HERCULES REZENDE DA COSTA'                  ,   'M' , 1986),
    (17, 'HUMBERTO MILANI'                            ,   'M' , 1956),
    (18, 'IARA APARECIDA DE OLIVEIRA SECCO'           ,   'F' , 1960),
    (19, 'IDALINA DIAIR REGLA CAROLINO'               ,   'F' , 1963),
    (20, 'IEDA MARA DE MELO SANTOS'                   ,   'F' , 1968),
    (21, 'INGRID PRISCILA RIEDO RAMOS RODRIGUES'      ,   'F' , 1986),
    (22, 'ISABEL CAMPOS BARROS'                       ,   'F' , 1973),
    (23, 'IVAN LUIZ FALCAO'                           ,   'M' , 1984),
    (24, 'JOSE CORDEIRO'                              ,   'M' , 1955),
    (25, 'JOSE CROCE FILHO'                           ,   'M' , 1956),
    (26, 'JOSE FRANCISCO DA ROCHA POMBO SOBIERAY'     ,   'M' , 1956),
    (27, 'KAUAN MAXWEL PONTE MOCELIN'                 ,   'M' , 1987),
    (28, 'LINCOLN JONATA RODRIGUES'                   ,   'M' , 1987),
    (29, 'AARON MARQUES FRE'                          ,   null, null),
    (30, 'ABDO RAHMAN KASSIM NETO'                    ,   null, null),
    (31, 'ABIGAIL CRUZ LEITE BENETAZZO'               ,   null, null),
    (32, 'ALESSANDRA FERREIRA OLIVEIRA'               ,   null, null),
    (33, 'ALESSANDRA FERREIRA P PEREIRA'              ,   null, null),
    (34, 'CARLOS HENRIC GUERRA BATISTA'               ,   null, null),
    (35, 'CARLOS HENRIQUE A S DA MOTTA'               ,   null, null),
    (36, 'CLARA MARIA PEIXOTO L FREITAS'              ,   null, null),
    (37, 'CLODOALDO ROGERIO DE SOUZA'                 ,   null, null),
    (38, 'DAISY FRANZOI MOURAO MARTINS'               ,   null, null),
    (39, 'DANIELE MANOEL SANTOS NAKAMURA'             ,   null, null),
    (40, 'DIANICE ORIANE DA SILVA'                    ,   null, null),
    (41, 'DURVAL DOS SANTOS DE OLIVEIRA'              ,   null, null),
    (42, 'EDMAR SILVA DA CRUZ'                        ,   null, null),
    (43, 'ELIANI APARECIDA MARTINS NUNES'             ,   null, null),
    (44, 'ESTEFANIA ELLEN DA SILVA'                   ,   null, null),
    (45, 'FABIO LEANDRO DA SILVA'                     ,   null, null),
    (46, 'FLAVIO CINTRA SILVA'                        ,   null, null),
    (47, 'GENY ANTUNES JACOME'                        ,   null, null),
    (48, 'ISAMAR RINALDI MARIOTTO'                    ,   null, null),
    (49, 'JOICE MACEDO FERNANDES BRABO'               ,   null, null),
    (50, 'LINDOMAR ALVES DE OLIVEIRA'                 ,   null, null),
    (51, 'MARIA ELMA RODRIGUES BACEGA'                ,   null, null),
    (52, 'OLIVIA MARIA DA SILVA'                      ,   null, null),
    (53, 'PEDRO OTAVIO TACCO MISSURA'                 ,   null, null),
    (54, 'THIAGO DE ALMEIDA RODRIGUES'                ,   null, null),
    (55, 'WILLIAM DA SILVA FERREIRA'                  ,   null, null);

INSERT INTO orgao
    (id, nome                                                           , estado) VALUES         
    ( 0, 'UNIVERSIDADE ESTADUAL DE MARINGA'                             , 'PR'),
    ( 1, 'Secretaria da Saúde'                                          , 'PR'),
    ( 2, 'Secretaria da Segurança Pública e Administração Penitenciária', 'PR'),
    ( 3, 'ADMINISTRAÇÃO DOS PORTOS DE PARANAGUÁ E ANTONINA'             , 'PR'),
    ( 4, 'UNIVERSIDADE ESTADUAL DO OESTE DO PARANA'                     , 'PR'),
    ( 5, 'UNIVERSIDADE ESTADUAL DE LONDRINA'                            , 'PR'),
    ( 6, 'PARANÁ EDIFICAÇÕES'                                           , 'PR'),
    ( 7, 'AGÊNCIA DE DEFESA AGROPECUÁRIA DO PARANÁ'                     , 'PR'),
    ( 8, 'CASA CIVIL'                                                   , 'PR'),
    ( 9, 'COMPANHIA DE TECNOLOGIA DA INFORMAÇÃO E COMUNICAÇÃO DO PARANÁ', 'PR'),
    (10, 'SECRETARIA DA EDUCACAO'                                       , 'SP'),
    (11, 'FUNDACAO CASA-SP.'                                            , 'SP'),
    (12, 'SECRET.ADMINISTR.PENITENCIARIA'                               , 'SP'),
    (13, 'INST MED SOC CRIMINO SP- IMESC'                               , 'SP'),
    (14, 'COM.SAN.BAS.EST.S.PAULO SABESP'                               , 'SP'),
    (15, 'SECRETARIA DA SAUDE'                                          , 'SP'),
    (16, 'SECRETARIA SEGURANCA PUBLICA'                                 , 'SP'),
    (17, 'POLICIA MILITAR SAO PAULO'                                    , 'SP');

INSERT INTO trabalha
    (id_pessoa, id_orgao, instituicao                                       , municipio              , cargo                            , remuneracao) VALUES
    (       0 ,       0 , 'CSA - DIRECAO'                                   , 'MARINGA'              , 'PROFESSOR DE ENSINO SUPERIOR'   , 23886.20),
    (       1 ,       1 , 'SAS-DEAB-DEPARTAMENTO DE ATENCAO BASICA'         , 'CURITIBA'             , 'CARGO EM COMISSÃO - 01-C'       , 4026.43 ),
    (       1 ,       1 , 'SAS-DEAB-DEPARTAMENTO DE ATENCAO BASICA'         , 'CURITIBA'             , 'PROMOTOR DE SAUDE PROFISSIONAL' , 6169.80 ),
    (       2 ,       2 , 'APMG 1 ESFAEP'                                   , 'SAO JOSE DOS PINHAIS' , '3º. SARGENTO'                   , 9990.86 ),
    (       3 ,       2 , '9BPM 2CIA 1 PEL DPM PONTAL DO PARANÁ'            , 'PARANAGUA'            , 'SOLDADO 1ª. CLASSE'             , 6660.32 ),
    (       4 ,       2 , '3GB 2SUB GRUPAMENTO DE BOMBEIROS'                , 'CAMBE'                , 'CABO'                           , 6613.83 ),
    (       5 ,       2 , '15BPM 2CIA 2 PEL DPM LUPIONOPOLIS'               , 'LUPIONOPOLIS'         , 'SOLDADO 1ª. CLASSE'             , 6221.17 ),
    (       6 ,       0 , 'DIVISAO DE OFICINAS'                             , 'MARINGA'              , 'AG. UNIVERSITARIO OPERACIONAL'  , 5586.82 ),
    (       7 ,       2 , 'SEXTO BATALHAO DE POLICIA MILITAR'               , 'CASCAVEL'             , 'SOLDADO 2ª. CLASSE'             , 2991.64 ),
    (       8 ,       2 , 'DELEGACIA DE FURTOS E ROUBOS DE CARGAS'          , 'CURITIBA'             , 'INVESTIGADOR DE POLÍCIA'        , 7997.84 ),
    (       9 ,       2 , '1GB 2SUB GRUPAMENTO DE BOMBEIROS'                , 'CURITIBA'             , 'SOLDADO 1ª. CLASSE'             , 6221.17 ),
    (      10 ,       3 , 'COORDENADORIA DE SEGURANÇA E PATRULHA'           , 'PARANAGUA'            , 'GUARDA PORTUARIO'               , 11335.85),
    (      11 ,       2 , '7GB 2SGB 1SEC BM'                                , 'CAMPO LARGO'          , 'CABO'                           , 6613.83 ),
    (      12 ,       4 , 'PLANTONISTAS'                                    , 'CASCAVEL'             , 'PROFESSOR DE ENSINO SUPERIOR'   , 30189.68),
    (      13 ,       2 , 'CASA DE CUSTÓDIA DE MARINGÁ - CCM'               , 'MARINGA'              , 'POLICIAL PENAL'                 , 12900.00),
    (      14 ,       2 , 'TRIGESIMO BATALHAO DE POLICIA MILITAR'           , 'LONDRINA'             , 'SOLDADO 2ª. CLASSE'             , 2991.64 ),
    (      15 ,       2 , '9GB GRUPO DE COMANDO E SERVIÇOS'                 , 'FOZ DO IGUACU'        , 'SOLDADO 1ª. CLASSE'             , 6221.17 ),
    (      16 ,       2 , '23BPM 2 CIA 1 PELOTÃO POLICIAL MILITAR'          , 'CURITIBA'             , 'SOLDADO 1ª. CLASSE'             , 8387.45 ),
    (      17 ,       0 , 'DEPTO DE FARMACOLOGIA E TERAPEUTICA'             , 'MARINGA'              , 'PROFESSOR DE ENSINO SUPERIOR'   , 29587.43),
    (      18 ,       5 , 'DIRETORIA DE SUPERINTENDENCIA'                   , 'LONDRINA'             , 'AGENTE UNIV  NIVEL SUPERIOR'    , 32616.36),
    (      19 ,       0 , 'DEPARTAMENTO DE MEDICINA'                        , 'MARINGA'              , 'PROFESSOR DE ENSINO SUPERIOR'   , 14663.01),
    (      20 ,       5 , 'DIRETORIA DE SUPERINTENDENCIA'                   , 'LONDRINA'             , 'AGENTE UNIV  OPERACIONAL'       , 6040.71 ),
    (      21 ,       2 , 'TRIGESIMO BATALHAO DE POLICIA MILITAR'           , 'LONDRINA'             , 'CABO'                           , 8618.24 ),
    (      22 ,       6 , 'ESCRITÓRIO REGIONAL DE MARINGÁ'                  , 'CURITIBA'             , 'AGENTE DE EXECUÇÃO'             , 6509.20 ),
    (      23 ,       2 , '10GB 2SGB 1SEC BM'                               , 'FRANCISCO BELTRAO'    , 'CABO'                           , 6855.36 ),
    (      24 ,       0 , 'PARQUE ECOLOGICO'                                , 'MARINGA'              , 'AG. UNIVERSITARIO OPERACIONAL'  , 4197.62 ),
    (      25 ,       7 , 'ULSA DE MARINGÁ'                                 , 'MARINGA'              , 'FISCAL DA DEFESA AGROPECUÁRIA'  , 28609.59),
    (      26 ,       8 , 'CONVÊNIO'                                        , 'CURITIBA'             , 'CARGO EM COMISSÃO - 02-C'       , 4084.55 ),
    (      27 ,       9 , 'COSIN-B3'                                        , 'CURITIBA'             , 'ANALISTA'                       , 7527.00 ),
    (      28 ,       2 , 'SEXTA COMPANHIA INDEPENDENTE DE POLICIA MILITAR' , 'IVAIPORA'             , 'SOLDADO 1ª. CLASSE'             , 6221.17 ),
    (      29 ,      10 , null                                              , null                   , 'PROF ENSINO FUNDAMENTAL/MEDIO'  , 2975    ),
    (      29 ,      11 , null                                              , null                   , 'AGENTE EDUCACIONAL I'           , 4331.85 ),
    (      30 ,      12 , null                                              , null                   , 'AG.SEG.PENIT.CLASSE VII'        , 9839.83 ),
    (      31 ,      10 , null                                              , null                   , 'AGENTE DE ORGANIZACAO ESCOLAR'  , 3333.37 ),
    (      32 ,      10 , null                                              , null                   , 'PROFESSOR EDUCACAO BASICA II'   , 4864.47 ),
    (      32 ,      10 , null                                              , null                   , 'PROFESSOR EDUCACAO BASICA II'   , 4652.77 ),
    (      33 ,      10 , null                                              , null                   , 'PROFESSOR EDUCACAO BASICA II'   , 4130.1  ),
    (      34 ,      17 , null                                              , null                   , 'SD 1C PM'                       , 6004.09 ),
    (      35 ,      13 , null                                              , null                   , 'OUTROS VINCULOS'                , 8142.55 ),
    (      36 ,      10 , null                                              , null                   , 'PROF ENSINO FUNDAMENTAL/MEDIO'  , 0       ),
    (      37 ,      14 , null                                              , null                   , 'AGENTE DE SANEAMENTO AMBIENTAL' , 12869.67),
    (      38 ,      15 , null                                              , null                   , 'MEDICO II'                      , 9228.04 ),
    (      39 ,      10 , null                                              , null                   , 'PROFESSOR EDUCACAO BASICA II'   , 6104.56 ),
    (      40 ,      10 , null                                              , null                   , 'PROF ENSINO FUNDAMENTAL/MEDIO'  , 7000    ),
    (      41 ,      10 , null                                              , null                   , 'PROFESSOR EDUCACAO BASICA II'   , 4396.05 ),
    (      42 ,      14 , null                                              , null                   , 'AGENTE DE SANEAMENTO AMBIENTAL' , 6042.04 ),
    (      43 ,      10 , null                                              , null                   , 'PROFESSOR EDUCACAO BASICA II'   , 8146.07 ),
    (      44 ,      10 , null                                              , null                   , 'PROF ENSINO FUNDAMENTAL/MEDIO'  , 4846.99 ),
    (      45 ,      10 , null                                              , null                   , 'PROF ENSINO FUNDAMENTAL/MEDIO'  , 4275    ),
    (      46 ,      14 , null                                              , null                   , 'AGENTE DE SANEAMENTO AMBIENTAL' , 5414.21 ),
    (      47 ,      15 , null                                              , null                   , 'AUXILIAR DE SAUDE'              , 2736.83 ),
    (      48 ,      10 , null                                              , null                   , 'PROFESSOR EDUCACAO BASICA II'   , 5376.77 ),
    (      49 ,      16 , null                                              , null                   , 'ESCRIVAO POL.2A CLASSE'         , 6259.11 ),
    (      50 ,      10 , null                                              , null                   , 'PROFESSOR EDUCACAO BASICA II'   , 2780.66 ),
    (      50 ,      10 , null                                              , null                   , 'PROFESSOR EDUCACAO BASICA II'   , 8793.77 ),
    (      51 ,      15 , null                                              , null                   , 'OFICIAL ADMINISTRATIVO'         , 3227.39 ),
    (      52 ,      10 , null                                              , null                   , 'PROFESSOR EDUCACAO BASICA I'    , 5140.07 ),
    (      53 ,      12 , null                                              , null                   , 'AG. ESCOLTA E VIGILANCIA PENIT' , 4220.51 ),
    (      54 ,      10 , null                                              , null                   , 'PROF ENSINO FUNDAMENTAL/MEDIO'  , 5660.33 ),
    (      55 ,      17 , null                                              , null                   , 'CABO  PM'                       , 6501.35 );